{
    "a": {
        "CannonEnemyConfirmation": 1,
        "CannonEnemyNumber : 0 : BulletSpeed": 0.4000000059604645,
        "CannonEnemyNumber : 0 : Interval": 60,
        "CannonEnemyNumber : 0 : Rotate": [
            4.371138473402425e-08,
            -4.371139183945161e-08,
            4.371138473402425e-08,
            -1.0
        ],
        "CannonEnemyNumber : 0 : Scale": [
            1.0,
            1.0,
            1.0
        ],
        "CannonEnemyNumber : 0 : Translate": [
            7.0,
            2.0,
            -6.5
        ],
        "CoinConfirmation": 0,
        "FloorConfirmation": 2,
        "FloorNumber : 0 : Rotate": [
            4.371138473402425e-08,
            -4.371139183945161e-08,
            4.371138473402425e-08,
            -1.0
        ],
        "FloorNumber : 0 : Scale": [
            1.0,
            1.0,
            1.0
        ],
        "FloorNumber : 0 : Translate": [
            0.0,
            -1.2000000476837158,
            -3.0
        ],
        "FloorNumber : 1 : Rotate": [
            4.371138473402425e-08,
            -4.371139183945161e-08,
            4.371138473402425e-08,
            -1.0
        ],
        "FloorNumber : 1 : Scale": [
            1.0,
            1.0,
            1.0
        ],
        "FloorNumber : 1 : Translate": [
            60.0,
            0.0,
            -3.0
        ],
        "NormalEnemyConfirmation": 2,
        "NormalEnemyNumber : 0 : Rotate": [
            4.371138473402425e-08,
            -4.371139183945161e-08,
            4.371138473402425e-08,
            -1.0
        ],
        "NormalEnemyNumber : 0 : Scale": [
            1.0,
            1.0,
            1.0
        ],
        "NormalEnemyNumber : 0 : Translate": [
            -10.899999618530273,
            2.0,
            -6.367000102996826
        ],
        "NormalEnemyNumber : 1 : Rotate": [
            0.0,
            0.0,
            0.0,
            1.0
        ],
        "NormalEnemyNumber : 1 : Scale": [
            1.0,
            1.0,
            1.0
        ],
        "NormalEnemyNumber : 1 : Translate": [
            0.0,
            0.0,
            0.0
        ],
        "NormalLightEnemyConfirmation": 2,
        "NormalLightEnemyNumber : 0 : Rotate": [
            4.371138473402425e-08,
            -4.371139183945161e-08,
            4.371138473402425e-08,
            -1.0
        ],
        "NormalLightEnemyNumber : 0 : Scale": [
            1.0,
            1.0,
            1.0
        ],
        "NormalLightEnemyNumber : 0 : Translate": [
            4.099999904632568,
            2.0,
            -6.4670000076293945
        ],
        "NormalLightEnemyNumber : 1 : Rotate": [
            0.0,
            0.0,
            0.0,
            1.0
        ],
        "NormalLightEnemyNumber : 1 : Scale": [
            1.0,
            1.0,
            1.0
        ],
        "NormalLightEnemyNumber : 1 : Translate": [
            0.0,
            0.0,
            0.0
        ],
        "Player : Rotate": [
            0.0,
            0.0,
            0.0,
            1.0
        ],
        "Player : Scale": [
            1.0,
            1.0,
            1.0
        ],
        "Player : Translate": [
            -8.10000228881836,
            0.7840555906295776,
            -7.967209815979004
        ],
        "StandLightEnemyConfirmation": 1,
        "StandLightEnemyNumber : 0 : FlashCount": 4,
        "StandLightEnemyNumber : 0 : Interval": 6,
        "StandLightEnemyNumber : 0 : MaxTime": 60,
        "StandLightEnemyNumber : 0 : Rotate": [
            4.371138473402425e-08,
            -4.371139183945161e-08,
            4.371138473402425e-08,
            -1.0
        ],
        "StandLightEnemyNumber : 0 : Scale": [
            1.0,
            1.0,
            1.0
        ],
        "StandLightEnemyNumber : 0 : Translate": [
            -6.0,
            1.0,
            -13.899999618530273
        ],
        "ThornEnemyConfirmation": 2,
        "ThornEnemyNumber : 0 : Amplitube": [
            1.0,
            0.0,
            0.0
        ],
        "ThornEnemyNumber : 0 : Rotate": [
            4.371138473402425e-08,
            -4.371139183945161e-08,
            4.371138473402425e-08,
            -1.0
        ],
        "ThornEnemyNumber : 0 : Scale": [
            1.0,
            1.0,
            1.0
        ],
        "ThornEnemyNumber : 0 : Time": 20,
        "ThornEnemyNumber : 0 : Translate": [
            2.9333338737487793,
            2.0,
            2.0
        ],
        "ThornEnemyNumber : 1 : Amplitube": [
            0.0,
            3.0,
            0.0
        ],
        "ThornEnemyNumber : 1 : Rotate": [
            4.371138473402425e-08,
            -4.371139183945161e-08,
            4.371138473402425e-08,
            -1.0
        ],
        "ThornEnemyNumber : 1 : Scale": [
            1.0,
            1.0,
            1.0
        ],
        "ThornEnemyNumber : 1 : Time": 20,
        "ThornEnemyNumber : 1 : Translate": [
            0.0,
            0.0,
            0.0
        ],
        "TruckConfirmation": 1,
        "TruckNumber : 0 : Rotate": [
            0.0,
            0.0,
            0.0,
            1.0
        ],
        "TruckNumber : 0 : Scale": [
            1.0,
            1.0,
            1.0
        ],
        "TruckNumber : 0 : Translate": [
            9.0,
            2.0,
            2.4000000953674316
        ],
        "WallConfirmation": 3,
        "WallLightConfirmation": 1,
        "WallLightNumber : 0 : Rotate": [
            0.0,
            0.0,
            0.0,
            1.0
        ],
        "WallLightNumber : 0 : Scale": [
            1.0,
            1.0,
            1.0
        ],
        "WallLightNumber : 0 : Translate": [
            -5.5,
            6.0,
            3.0
        ],
        "WallNumber : 0 : Rotate": [
            0.23971402645111084,
            -0.7569944858551025,
            0.38737359642982483,
            0.468442440032959
        ],
        "WallNumber : 0 : Scale": [
            1.0,
            1.0,
            1.0
        ],
        "WallNumber : 0 : Translate": [
            0.0,
            8.0,
            10.0
        ],
        "WallNumber : 1 : Rotate": [
            0.0,
            -1.0,
            0.0,
            -4.371138828673793e-08
        ],
        "WallNumber : 1 : Scale": [
            1.0,
            1.0,
            1.0
        ],
        "WallNumber : 1 : Translate": [
            -34.0,
            8.0,
            10.0
        ],
        "WallNumber : 2 : Rotate": [
            -8.74227694680485e-08,
            -1.0,
            -8.74227694680485e-08,
            -4.3711395392165286e-08
        ],
        "WallNumber : 2 : Scale": [
            1.0,
            1.0,
            1.0
        ],
        "WallNumber : 2 : Translate": [
            34.0,
            8.0,
            10.0
        ],
        "WoodBoxConfirmation": 2,
        "WoodBoxNumber : 0 : Rotate": [
            4.371138473402425e-08,
            -4.371139183945161e-08,
            4.371138473402425e-08,
            -1.0
        ],
        "WoodBoxNumber : 0 : Scale": [
            1.0,
            1.0,
            1.0
        ],
        "WoodBoxNumber : 0 : Translate": [
            28.899999618530273,
            0.800000011920929,
            3.0999999046325684
        ],
        "WoodBoxNumber : 1 : Rotate": [
            0.0,
            0.0,
            0.0,
            1.0
        ],
        "WoodBoxNumber : 1 : Scale": [
            1.0,
            1.0,
            1.0
        ],
        "WoodBoxNumber : 1 : Translate": [
            0.0,
            0.0,
            0.0
        ]
    }
}
