{
    "FixedCamera": {
        "FixedCameraOffset : Rotate": [
            0.013089596293866634,
            0.0,
            0.0,
            0.9999143481254578
        ],
        "FixedCameraOffset : Translate": [
            3.5,
            10.0,
            -36.0
        ]
    }
}
