{
    "FollowCamera": {
        "FollowCameraOffset : Rotate": [
            -0.04361933469772339,
            -4.176312273784788e-08,
            4.557644928127047e-08,
            -0.9990482330322266
        ],
        "FollowCameraOffset : Translate": [
            57.3250732421875,
            6.0,
            -30.0
        ]
    }
}
