{
    "house0": {
        "CannonEnemyConfirmation": 1,
        "CannonEnemyNumber : 0 : BulletSpeed": 1.0,
        "CannonEnemyNumber : 0 : Draw": 0,
        "CannonEnemyNumber : 0 : Interval": 60,
        "CannonEnemyNumber : 0 : Rotate": [
            4.371138473402425e-08,
            -4.371139183945161e-08,
            4.371138473402425e-08,
            -1.0
        ],
        "CannonEnemyNumber : 0 : Scale": [
            1.0,
            1.0,
            1.0
        ],
        "CannonEnemyNumber : 0 : Translate": [
            10.899999618530273,
            0.800000011920929,
            -7.599999904632568
        ],
        "CoinConfirmation": 0,
        "FloorConfirmation": 1,
        "FloorNumber : 0 : Rotate": [
            4.371138473402425e-08,
            -4.371139183945161e-08,
            4.371138473402425e-08,
            -1.0
        ],
        "FloorNumber : 0 : Scale": [
            0.5,
            1.0,
            1.0
        ],
        "FloorNumber : 0 : Translate": [
            0.0,
            -1.2000000476837158,
            -3.0
        ],
        "Goal : Rotate": [
            4.371138473402425e-08,
            -4.371139183945161e-08,
            4.371138473402425e-08,
            -1.0
        ],
        "Goal : Scale": [
            0.0,
            0.0,
            0.0
        ],
        "Goal : Translate": [
            0.0,
            100.0,
            0.0
        ],
        "HeartConfirmation": 0,
        "MoveFloorConfirmation": 0,
        "NormalEnemyConfirmation": 1,
        "NormalEnemyNumber : 0 : Draw": 1,
        "NormalEnemyNumber : 0 : Rotate": [
            4.371138473402425e-08,
            -4.371139183945161e-08,
            4.371138473402425e-08,
            -1.0
        ],
        "NormalEnemyNumber : 0 : Scale": [
            1.0,
            1.0,
            1.0
        ],
        "NormalEnemyNumber : 0 : Translate": [
            -6.0,
            4.5,
            2.5999999046325684
        ],
        "NormalEnemyNumber : 1 : Draw": 0,
        "NormalEnemyNumber : 1 : Rotate": [
            4.371138473402425e-08,
            -4.371139183945161e-08,
            4.371138473402425e-08,
            -1.0
        ],
        "NormalEnemyNumber : 1 : Scale": [
            1.0,
            1.0,
            1.0
        ],
        "NormalEnemyNumber : 1 : Translate": [
            4.199999809265137,
            1.7999999523162842,
            -3.0999999046325684
        ],
        "NormalEnemyNumber : 2 : Draw": 1,
        "NormalEnemyNumber : 2 : Rotate": [
            4.371138473402425e-08,
            -4.371139183945161e-08,
            4.371138473402425e-08,
            -1.0
        ],
        "NormalEnemyNumber : 2 : Scale": [
            1.0,
            1.0,
            1.0
        ],
        "NormalEnemyNumber : 2 : Translate": [
            -0.4000000059604645,
            8.899999618530273,
            3.700000047683716
        ],
        "NormalEnemyNumber : 3 : Draw": 1,
        "NormalEnemyNumber : 3 : Rotate": [
            4.371138473402425e-08,
            -4.371139183945161e-08,
            4.371138473402425e-08,
            -1.0
        ],
        "NormalEnemyNumber : 3 : Scale": [
            1.0,
            1.0,
            1.0
        ],
        "NormalEnemyNumber : 3 : Translate": [
            0.0,
            1.7999999523162842,
            2.5
        ],
        "NormalLightEnemyConfirmation": 2,
        "NormalLightEnemyNumber : 0 : Draw": 0,
        "NormalLightEnemyNumber : 0 : Rotate": [
            4.371138473402425e-08,
            -4.371139183945161e-08,
            4.371138473402425e-08,
            -1.0
        ],
        "NormalLightEnemyNumber : 0 : Scale": [
            1.0,
            1.0,
            1.0
        ],
        "NormalLightEnemyNumber : 0 : Translate": [
            -6.699999809265137,
            1.7999999523162842,
            -5.900000095367432
        ],
        "NormalLightEnemyNumber : 1 : Draw": 0,
        "NormalLightEnemyNumber : 1 : Rotate": [
            4.371138473402425e-08,
            -4.371139183945161e-08,
            4.371138473402425e-08,
            -1.0
        ],
        "NormalLightEnemyNumber : 1 : Scale": [
            1.0,
            1.0,
            1.0
        ],
        "NormalLightEnemyNumber : 1 : Translate": [
            7.300000190734863,
            4.0,
            -2.299999952316284
        ],
        "Player : Rotate": [
            0.0,
            0.9833335280418396,
            0.0,
            0.18181058764457703
        ],
        "Player : Scale": [
            1.0,
            1.0,
            1.0
        ],
        "Player : Translate": [
            0.0,
            1.0,
            -6.900000095367432
        ],
        "SavePointConfirmation": 0,
        "SpawnerConfirmation": 0,
        "SpawnerNumber : 0 : Interval": 60,
        "SpawnerNumber : 0 : MaxPop": 10,
        "SpawnerNumber : 0 : Rotate": [
            4.371138473402425e-08,
            -4.371139183945161e-08,
            4.371138473402425e-08,
            -1.0
        ],
        "SpawnerNumber : 0 : Scale": [
            1.0,
            1.0,
            1.0
        ],
        "SpawnerNumber : 0 : Translate": [
            -10.0,
            1.0,
            0.0
        ],
        "SpawnerNumber : 0 : hp": 3,
        "StageLightConfirmation": 1,
        "StageLightNumber : 0 : Distance": 20.0,
        "StageLightNumber : 0 : Rotate": [
            0.04347698763012886,
            0.6577694416046143,
            -0.0547885037958622,
            0.7499650120735168
        ],
        "StageLightNumber : 0 : Scale": [
            1.0,
            1.0,
            1.0
        ],
        "StageLightNumber : 0 : ShadeDistance": 5.0,
        "StageLightNumber : 0 : Translate": [
            0.0,
            3.4000000953674316,
            -12.5
        ],
        "StageLightNumber : 0 : decay": 1.0,
        "StageLightNumber : 0 : intensity": 5.5,
        "StandLightEnemyConfirmation": 0,
        "ThornEnemyConfirmation": 1,
        "ThornEnemyNumber : 0 : Amplitube": [
            0.0,
            0.0,
            1.0
        ],
        "ThornEnemyNumber : 0 : Draw": 0,
        "ThornEnemyNumber : 0 : Rotate": [
            4.371138473402425e-08,
            -4.371139183945161e-08,
            4.371138473402425e-08,
            -1.0
        ],
        "ThornEnemyNumber : 0 : Scale": [
            1.0,
            1.0,
            1.0
        ],
        "ThornEnemyNumber : 0 : Time": 5,
        "ThornEnemyNumber : 0 : Translate": [
            7.0,
            1.7000000476837158,
            0.0
        ],
        "TrapConfirmation": 0,
        "TruckConfirmation": 0,
        "WallConfirmation": 1,
        "WallLightConfirmation": 0,
        "WallNumber : 0 : Rotate": [
            -1.3315805347247078e-07,
            -1.0,
            -1.3315805347247078e-07,
            -4.371140605030632e-08
        ],
        "WallNumber : 0 : Scale": [
            1.0,
            1.0,
            1.0
        ],
        "WallNumber : 0 : Translate": [
            0.0,
            8.0,
            10.0
        ],
        "WallNumber : 1 : Rotate": [
            -1.3315805347247078e-07,
            -1.0,
            -1.3315805347247078e-07,
            -4.371140605030632e-08
        ],
        "WallNumber : 1 : Scale": [
            1.0,
            1.0,
            1.0
        ],
        "WallNumber : 1 : Translate": [
            34.0,
            8.0,
            10.0
        ],
        "WoodBoxConfirmation": 0
    }
}
