{
    "house0": {
        "CannonEnemyConfirmation": 0,
        "CoinConfirmation": 0,
        "FloorConfirmation": 1,
        "FloorNumber : 0 : Rotate": [
            4.371138473402425e-08,
            -4.371139183945161e-08,
            4.371138473402425e-08,
            -1.0
        ],
        "FloorNumber : 0 : Scale": [
            0.5,
            1.0,
            1.0
        ],
        "FloorNumber : 0 : Translate": [
            0.0,
            -1.2000000476837158,
            -3.0
        ],
        "Goal : Rotate": [
            0.0,
            0.0,
            0.0,
            1.0
        ],
        "Goal : Scale": [
            0.0,
            0.0,
            0.0
        ],
        "Goal : Translate": [
            0.0,
            0.0,
            0.0
        ],
        "HeartConfirmation": 0,
        "MoveFloorConfirmation": 0,
        "NormalEnemyConfirmation": 3,
        "NormalEnemyNumber : 0 : Rotate": [
            4.371138473402425e-08,
            -4.371139183945161e-08,
            4.371138473402425e-08,
            -1.0
        ],
        "NormalEnemyNumber : 0 : Scale": [
            1.0,
            1.0,
            1.0
        ],
        "NormalEnemyNumber : 0 : Translate": [
            10.5,
            9.0,
            3.0
        ],
        "NormalEnemyNumber : 1 : Rotate": [
            4.371138473402425e-08,
            -4.371139183945161e-08,
            4.371138473402425e-08,
            -1.0
        ],
        "NormalEnemyNumber : 1 : Scale": [
            1.0,
            1.0,
            1.0
        ],
        "NormalEnemyNumber : 1 : Translate": [
            -10.0,
            9.0,
            3.0
        ],
        "NormalEnemyNumber : 2 : Rotate": [
            4.371138473402425e-08,
            -4.371139183945161e-08,
            4.371138473402425e-08,
            -1.0
        ],
        "NormalEnemyNumber : 2 : Scale": [
            1.0,
            1.0,
            1.0
        ],
        "NormalEnemyNumber : 2 : Translate": [
            4.300000190734863,
            2.5,
            0.0
        ],
        "NormalEnemyNumber : 3 : Rotate": [
            4.371138473402425e-08,
            -4.371139183945161e-08,
            4.371138473402425e-08,
            -1.0
        ],
        "NormalEnemyNumber : 3 : Scale": [
            1.0,
            1.0,
            1.0
        ],
        "NormalEnemyNumber : 3 : Translate": [
            5.199999809265137,
            0.0,
            -8.199999809265137
        ],
        "NormalLightEnemyConfirmation": 0,
        "Player : Rotate": [
            0.0,
            0.7818900346755981,
            0.0,
            0.6234163641929626
        ],
        "Player : Scale": [
            1.0,
            1.0,
            1.0
        ],
        "Player : Translate": [
            -0.8689467906951904,
            0.7840552926063538,
            -2.0890984535217285
        ],
        "SpawnerConfirmation": 0,
        "SpawnerNumber : 0 : Interval": 60,
        "SpawnerNumber : 0 : MaxPop": 10,
        "SpawnerNumber : 0 : Rotate": [
            4.371138473402425e-08,
            -4.371139183945161e-08,
            4.371138473402425e-08,
            -1.0
        ],
        "SpawnerNumber : 0 : Scale": [
            1.0,
            1.0,
            1.0
        ],
        "SpawnerNumber : 0 : Translate": [
            -10.0,
            1.0,
            0.0
        ],
        "SpawnerNumber : 0 : hp": 3,
        "StageLightConfirmation": 0,
        "StandLightEnemyConfirmation": 0,
        "ThornEnemyConfirmation": 0,
        "ThornEnemyNumber : 0 : Amplitube": [
            0.5,
            0.0,
            0.0
        ],
        "ThornEnemyNumber : 0 : Rotate": [
            4.371138473402425e-08,
            -4.371139183945161e-08,
            4.371138473402425e-08,
            -1.0
        ],
        "ThornEnemyNumber : 0 : Scale": [
            1.0,
            1.0,
            1.0
        ],
        "ThornEnemyNumber : 0 : Time": 20,
        "ThornEnemyNumber : 0 : Translate": [
            -4.5,
            5.5,
            0.0
        ],
        "TrapConfirmation": 0,
        "TruckConfirmation": 0,
        "WallConfirmation": 1,
        "WallLightConfirmation": 0,
        "WallNumber : 0 : Rotate": [
            -1.3315805347247078e-07,
            -1.0,
            -1.3315805347247078e-07,
            -4.371140605030632e-08
        ],
        "WallNumber : 0 : Scale": [
            1.0,
            1.0,
            1.0
        ],
        "WallNumber : 0 : Translate": [
            0.0,
            8.0,
            10.0
        ],
        "WallNumber : 1 : Rotate": [
            -1.3315805347247078e-07,
            -1.0,
            -1.3315805347247078e-07,
            -4.371140605030632e-08
        ],
        "WallNumber : 1 : Scale": [
            1.0,
            1.0,
            1.0
        ],
        "WallNumber : 1 : Translate": [
            34.0,
            8.0,
            10.0
        ],
        "WoodBoxConfirmation": 0
    }
}
