{
    "house2": {
        "CannonEnemyConfirmation": 2,
        "CannonEnemyNumber : 0 : BulletSpeed": 0.20000000298023224,
        "CannonEnemyNumber : 0 : Draw": 1,
        "CannonEnemyNumber : 0 : Interval": 140,
        "CannonEnemyNumber : 0 : Rotate": [
            4.371138473402425e-08,
            -4.371139183945161e-08,
            4.371138473402425e-08,
            -1.0
        ],
        "CannonEnemyNumber : 0 : Scale": [
            1.0,
            1.0,
            1.0
        ],
        "CannonEnemyNumber : 0 : Translate": [
            8.699999809265137,
            0.0,
            -6.199999809265137
        ],
        "CannonEnemyNumber : 1 : BulletSpeed": -0.20000000298023224,
        "CannonEnemyNumber : 1 : Draw": 1,
        "CannonEnemyNumber : 1 : Interval": 140,
        "CannonEnemyNumber : 1 : Rotate": [
            4.371138473402425e-08,
            -4.371139183945161e-08,
            4.371138473402425e-08,
            -1.0
        ],
        "CannonEnemyNumber : 1 : Scale": [
            0.699999988079071,
            0.699999988079071,
            0.699999988079071
        ],
        "CannonEnemyNumber : 1 : Translate": [
            -10.899999618530273,
            9.600000381469727,
            2.799999952316284
        ],
        "CoinConfirmation": 7,
        "CoinNumber : 0 : Draw": 0,
        "CoinNumber : 0 : Rotate": [
            -0.0008728065877221525,
            -4.3673221483686575e-08,
            4.374952666807985e-08,
            -0.9999996423721313
        ],
        "CoinNumber : 0 : Scale": [
            1.0,
            1.0,
            1.0
        ],
        "CoinNumber : 0 : Translate": [
            -7.900000095367432,
            3.700000047683716,
            0.0
        ],
        "CoinNumber : 1 : Draw": 0,
        "CoinNumber : 1 : Rotate": [
            4.371138473402425e-08,
            -4.371139183945161e-08,
            4.371138473402425e-08,
            -1.0
        ],
        "CoinNumber : 1 : Scale": [
            1.0,
            1.0,
            1.0
        ],
        "CoinNumber : 1 : Translate": [
            8.100000381469727,
            3.700000047683716,
            0.0
        ],
        "CoinNumber : 2 : Draw": 0,
        "CoinNumber : 2 : Rotate": [
            4.371138473402425e-08,
            -4.371139183945161e-08,
            4.371138473402425e-08,
            -1.0
        ],
        "CoinNumber : 2 : Scale": [
            1.0,
            1.0,
            1.0
        ],
        "CoinNumber : 2 : Translate": [
            4.599999904632568,
            3.700000047683716,
            0.0
        ],
        "CoinNumber : 3 : Draw": 0,
        "CoinNumber : 3 : Rotate": [
            4.371138473402425e-08,
            -4.371139183945161e-08,
            4.371138473402425e-08,
            -1.0
        ],
        "CoinNumber : 3 : Scale": [
            1.0,
            1.0,
            1.0
        ],
        "CoinNumber : 3 : Translate": [
            -3.5,
            3.700000047683716,
            0.0
        ],
        "CoinNumber : 4 : Draw": 0,
        "CoinNumber : 4 : Rotate": [
            4.371138473402425e-08,
            -4.371139183945161e-08,
            4.371138473402425e-08,
            -1.0
        ],
        "CoinNumber : 4 : Scale": [
            1.0,
            1.0,
            1.0
        ],
        "CoinNumber : 4 : Translate": [
            0.5,
            3.700000047683716,
            0.0
        ],
        "CoinNumber : 5 : Draw": 0,
        "CoinNumber : 5 : Rotate": [
            4.371138473402425e-08,
            -4.371139183945161e-08,
            4.371138473402425e-08,
            -1.0
        ],
        "CoinNumber : 5 : Scale": [
            1.0,
            1.0,
            1.0
        ],
        "CoinNumber : 5 : Translate": [
            2.700000047683716,
            6.300000190734863,
            0.0
        ],
        "CoinNumber : 6 : Draw": 0,
        "CoinNumber : 6 : Rotate": [
            4.371138473402425e-08,
            -4.371139183945161e-08,
            4.371138473402425e-08,
            -1.0
        ],
        "CoinNumber : 6 : Scale": [
            1.0,
            1.0,
            1.0
        ],
        "CoinNumber : 6 : Translate": [
            -1.5,
            6.300000190734863,
            0.0
        ],
        "FloorConfirmation": 1,
        "FloorNumber : 0 : Rotate": [
            4.371138473402425e-08,
            -4.371139183945161e-08,
            4.371138473402425e-08,
            -1.0
        ],
        "FloorNumber : 0 : Scale": [
            0.5,
            1.0,
            1.0
        ],
        "FloorNumber : 0 : Translate": [
            0.0,
            -1.2000000476837158,
            -3.0
        ],
        "Goal : Rotate": [
            0.0,
            0.0,
            0.0,
            1.0
        ],
        "Goal : Scale": [
            0.0,
            0.0,
            0.0
        ],
        "Goal : Translate": [
            0.0,
            0.0,
            0.0
        ],
        "HeartConfirmation": 0,
        "MoveFloorConfirmation": 0,
        "NormalEnemyConfirmation": 1,
        "NormalEnemyNumber : 0 : Draw": 0,
        "NormalEnemyNumber : 0 : Rotate": [
            4.371138473402425e-08,
            -4.371139183945161e-08,
            4.371138473402425e-08,
            -1.0
        ],
        "NormalEnemyNumber : 0 : Scale": [
            1.0,
            1.0,
            1.0
        ],
        "NormalEnemyNumber : 0 : Translate": [
            0.0,
            9.399999618530273,
            4.199999809265137
        ],
        "NormalLightEnemyConfirmation": 0,
        "Player : Rotate": [
            0.0,
            0.7818900346755981,
            0.0,
            0.6234163641929626
        ],
        "Player : Scale": [
            1.0,
            1.0,
            1.0
        ],
        "Player : Translate": [
            0.0,
            0.800000011920929,
            -3.0
        ],
        "SavePointConfirmation": 0,
        "SpawnerConfirmation": 2,
        "SpawnerNumber : 0 : Draw": 0,
        "SpawnerNumber : 0 : Interval": 120,
        "SpawnerNumber : 0 : MaxPop": 3,
        "SpawnerNumber : 0 : Rotate": [
            4.371138473402425e-08,
            -4.371139183945161e-08,
            4.371138473402425e-08,
            -1.0
        ],
        "SpawnerNumber : 0 : Scale": [
            0.5,
            0.5,
            0.5
        ],
        "SpawnerNumber : 0 : Translate": [
            -6.5,
            2.0999999046325684,
            0.0
        ],
        "SpawnerNumber : 0 : hp": 1,
        "SpawnerNumber : 1 : Draw": 0,
        "SpawnerNumber : 1 : Interval": 120,
        "SpawnerNumber : 1 : MaxPop": 3,
        "SpawnerNumber : 1 : Rotate": [
            4.371138473402425e-08,
            -4.371139183945161e-08,
            4.371138473402425e-08,
            -1.0
        ],
        "SpawnerNumber : 1 : Scale": [
            0.5,
            0.5,
            0.5
        ],
        "SpawnerNumber : 1 : Translate": [
            6.5,
            2.0999999046325684,
            0.0
        ],
        "SpawnerNumber : 1 : hp": 1,
        "StageLightConfirmation": 0,
        "StandLightEnemyConfirmation": 0,
        "ThornEnemyConfirmation": 0,
        "TrapConfirmation": 0,
        "TruckConfirmation": 0,
        "WallConfirmation": 2,
        "WallLightConfirmation": 0,
        "WallNumber : 0 : Rotate": [
            -1.3315805347247078e-07,
            -1.0,
            -1.3315805347247078e-07,
            -4.371140605030632e-08
        ],
        "WallNumber : 0 : Scale": [
            1.0,
            1.0,
            1.0
        ],
        "WallNumber : 0 : Translate": [
            0.0,
            8.0,
            10.0
        ],
        "WallNumber : 1 : Rotate": [
            -1.3315805347247078e-07,
            -1.0,
            -1.3315805347247078e-07,
            -4.371140605030632e-08
        ],