{
    "house1": {
        "CannonEnemyConfirmation": 0,
        "CoinConfirmation": 0,
        "FloorConfirmation": 1,
        "FloorNumber : 0 : Rotate": [
            4.371138473402425e-08,
            -4.371139183945161e-08,
            4.371138473402425e-08,
            -1.0
        ],
        "FloorNumber : 0 : Scale": [
            0.5,
            1.0,
            1.0
        ],
        "FloorNumber : 0 : Translate": [
            0.0,
            -1.2000000476837158,
            -3.0
        ],
        "Goal : Scale": [
            0.0,
            0.0,
            0.0
        ],
        "MoveFloorConfirmation": 0,
        "NormalEnemyConfirmation": 1,
        "NormalEnemyNumber : 0 : Rotate": [
            4.371138473402425e-08,
            -4.371139183945161e-08,
            4.371138473402425e-08,
            -1.0
        ],
        "NormalEnemyNumber : 0 : Scale": [
            1.0,
            1.0,
            1.0
        ],
        "NormalEnemyNumber : 0 : Translate": [
            8.100000381469727,
            2.0,
            0.0
        ],
        "NormalLightEnemyConfirmation": 0,
        "Player : Rotate": [
            0.0,
            0.7818900346755981,
            0.0,
            0.6234163641929626
        ],
        "Player : Scale": [
            1.0,
            1.0,
            1.0
        ],
        "Player : Translate": [
            0.0,
            0.800000011920929,
            -3.0
        ],
        "SpawnerConfirmation": 2,
        "SpawnerNumber : 0 : Interval": 60,
        "SpawnerNumber : 0 : MaxPop": 10,
        "SpawnerNumber : 0 : Rotate": [
            4.371138473402425e-08,
            -4.371139183945161e-08,
            4.371138473402425e-08,
            -1.0
        ],
        "SpawnerNumber : 0 : Scale": [
            1.0,
            1.0,
            1.0
        ],
        "SpawnerNumber : 0 : Translate": [
            -12.0,
            1.0,
            1.0
        ],
        "SpawnerNumber : 0 : hp": 1,
        "SpawnerNumber : 1 : Interval": 70,
        "SpawnerNumber : 1 : MaxPop": 5,
        "SpawnerNumber : 1 : Rotate": [
            4.371138473402425e-08,
            -4.371139183945161e-08,
            4.371138473402425e-08,
            -1.0
        ],
        "SpawnerNumber : 1 : Scale": [
            1.0,
            1.0,
            1.0
        ],
        "SpawnerNumber : 1 : Translate": [
            10.0,
            1.0,
            -7.699999809265137
        ],
        "SpawnerNumber : 1 : hp": 1,
        "StageLightConfirmation": 0,
        "StandLightEnemyConfirmation": 0,
        "ThornEnemyConfirmation": 0,
        "TrapConfirmation": 0,
        "TruckConfirmation": 0,
        "WallConfirmation": 2,
        "WallLightConfirmation": 0,
        "WallNumber : 0 : Rotate": [
            -1.3315805347247078e-07,
            -1.0,
            -1.3315805347247078e-07,
            -4.371140605030632e-08
        ],
        "WallNumber : 0 : Scale": [
            1.0,
            1.0,
            1.0
        ],
        "WallNumber : 0 : Translate": [
            0.0,
            8.0,
            10.0
        ],
        "WallNumber : 1 : Rotate": [
            -1.3315805347247078e-07,
            -1.0,
            -1.3315805347247078e-07,
            -4.371140605030632e-08
        ],
        "WallNumber : 1 : Scale": [
            1.0,
            1.0,
            1.0
        ],
        "WallNumber : 1 : Translate": [
            34.0,
            8.0,
            10.0
        ],
        "WoodBoxConfirmation": 0
    }
}
