{
    "Player": {
        "attackReadySpeed_": 26.889999389648438,
        "attackSpeed_": 7.0,
        "backHeadSpeed_": 13.0,
        "blinkingTime_": 2,
        "damage_": 5,
        "dashSpeed_": 0.4000000059604645,
        "heal_": 30,
        "jumpPower_": 0.5,
        "knockBackPowerX_": 0.3100000023841858,
        "knockBackPowerY_": 0.41999998688697815,
        "maxMUTEKITime_": 120,
        "speed_": 0.2199999988079071
    }
}
