{
    "Player": {
        "attackDamage": 1,
        "attackReadySpeed_": 10.390000343322754,
        "attackSpeed_": 10.619999885559082,
        "backHeadSpeed_": 13.65999984741211,
        "blinkingTime_": 2,
        "damage_": 5,
        "dashSpeed_": 0.4320000112056732,
        "heal_": 30,
        "jumpPower_": 0.5,
        "knockBackPowerX_": 0.3100000023841858,
        "knockBackPowerY_": 0.41999998688697815,
        "maxMUTEKITime_": 120,
        "speed_": 0.2199999988079071
    }
}
