{
    "Player": {
        "attackReadySpeed_": 14.079999923706055,
        "attackSpeed_": 15.800000190734863,
        "backHeadSpeed_": 12.920000076293945,
        "jumpPower_": 0.5,
        "speed_": 0.2199999988079071
    }
}
