{
    "ShadowSpotLight3": {
        "direction": [
            -0.49000000953674316,
            0.0,
            1.0
        ],
        "translation": [
            115.33000183105469,
            1.2999999523162842,
            -12.0
        ]
    }
}
