{
    "ShadingCollisionAdjustment": {
        "collisionLuminance": 0.949999988079071,
        "shadingValue": 0.1599999964237213
    }
}
