{
    "ShadowSpotLight0": {
        "direction": [
            0.3499999940395355,
            0.0,
            1.0
        ],
        "translation": [
            -2.6600000858306885,
            1.2999999523162842,
            -12.0
        ]
    }
}
