{
    "ShadowSpotLight3": {
        "direction": [
            -0.49000000953674316,
            0.0,
            1.0
        ],
        "translation": [
            118.43000030517578,
            0.8899999856948853,
            -12.0
        ]
    }
}
