{
    "ShadowSpotLight4": {
        "direction": [
            -0.20999999344348907,
            0.20000000298023224,
            1.0
        ],
        "translation": [
            105.80000305175781,
            1.8200000524520874,
            -12.579999923706055
        ]
    }
}
