{
    "ShadowSpotLight2": {
        "direction": [
            0.5799999833106995,
            0.0,
            1.0
        ],
        "translation": [
            85.30999755859375,
            1.2999999523162842,
            -12.0
        ]
    }
}
