{
    "stage1": {
        "CannonEnemyConfirmation": 2,
        "CannonEnemyNumber : 0 : BulletSpeed": 0.5,
        "CannonEnemyNumber : 0 : Interval": 120,
        "CannonEnemyNumber : 0 : Rotate": [
            8.4429974123168e-09,
            -0.6039038896560669,
            8.4429974123168e-09,
            -0.7970571517944336
        ],
        "CannonEnemyNumber : 0 : Scale": [
            1.0,
            1.0,
            1.0
        ],
        "CannonEnemyNumber : 0 : Translate": [
            126.19999694824219,
            3.0,
            0.0
        ],
        "CannonEnemyNumber : 1 : BulletSpeed": 0.5,
        "CannonEnemyNumber : 1 : Interval": 180,
        "CannonEnemyNumber : 1 : Rotate": [
            4.371138473402425e-08,
            -4.371139183945161e-08,
            4.371138473402425e-08,
            -1.0
        ],
        "CannonEnemyNumber : 1 : Scale": [
            1.0,
            1.0,
            1.0
        ],
        "CannonEnemyNumber : 1 : Translate": [
            90.0999984741211,
            10.800000190734863,
            0.0
        ],
        "CoinConfirmation": 0,
        "FloorConfirmation": 10,
        "FloorNumber : 0 : Rotate": [
            4.371138473402425e-08,
            -4.371139183945161e-08,
            4.371138473402425e-08,
            -1.0
        ],
        "FloorNumber : 0 : Scale": [
            1.0,
            1.0,
            1.0
        ],
        "FloorNumber : 0 : Translate": [
            0.0,
            -1.2000000476837158,
            -3.0
        ],
        "FloorNumber : 1 : Rotate": [
            4.371138473402425e-08,
            -4.371139183945161e-08,
            4.371138473402425e-08,
            -1.0
        ],
        "FloorNumber : 1 : Scale": [
            0.10000000149011612,
            1.0,
            1.0
        ],
        "FloorNumber : 1 : Translate": [
            23.700000762939453,
            1.0,
            0.0
        ],
        "FloorNumber : 2 : Rotate": [
            4.371138473402425e-08,
            -4.371139183945161e-08,
            4.371138473402425e-08,
            -1.0
        ],
        "FloorNumber : 2 : Scale": [
            0.4000000059604645,
            1.0,
            1.0
        ],
        "FloorNumber : 2 : Translate": [
            41.29999923706055,
            -1.2000000476837158,
            -3.0
        ],
        "FloorNumber : 3 : Rotate": [
            4.371138828673793e-08,
            1.0,
            4.371138828673793e-08,
            1.910685465164705e-15
        ],
        "FloorNumber : 3 : Scale": [
            0.4000000059604645,
            4.0,
            1.0
        ],
        "FloorNumber : 3 : Translate": [
            63.0,
            1.7999999523162842,
            -3.0
        ],
        "FloorNumber : 4 : Rotate": [
            4.371138473402425e-08,
            -4.371139183945161e-08,
            4.371138473402425e-08,
            -1.0
        ],
        "FloorNumber : 4 : Scale": [
            0.10000000149011612,
            1.0,
            1.0
        ],
        "FloorNumber : 4 : Translate": [
            48.0,
            0.699999988079071,
            -3.0
        ],
        "FloorNumber : 5 : Rotate": [
            4.371138473402425e-08,
            -4.371139183945161e-08,
            4.371138473402425e-08,
            -1.0
        ],
        "FloorNumber : 5 : Scale": [
            0.10000000149011612,
            1.0,
            1.0
        ],
        "FloorNumber : 5 : Translate": [
            48.0,
            2.5,
            0.0
        ],
        "FloorNumber : 6 : Rotate": [
            4.371138473402425e-08,
            -4.371139183945161e-08,
            4.371138473402425e-08,
            -1.0
        ],
        "FloorNumber : 6 : Scale": [
            1.0,
            1.0,
            1.0
        ],
        "FloorNumber : 6 : Translate": [
            104.5,
            -1.2000000476837158,
            -3.0
        ],
        "FloorNumber : 7 : Rotate": [
            4.371138473402425e-08,
            -4.371139183945161e-08,
            4.371138473402425e-08,
            -1.0
        ],
        "FloorNumber : 7 : Scale": [
            0.10000000149011612,
            3.0,
            0.30000001192092896
        ],
        "FloorNumber : 7 : Translate": [
            75.0,
            1.2999999523162842,
            1.7999999523162842
        ],
        "FloorNumber : 8 : Rotate": [
            4.371138473402425e-08,
            -4.371139183945161e-08,
            4.371138473402425e-08,
            -1.0
        ],
        "FloorNumber : 8 : Scale": [
            0.10000000149011612,
            3.0,
            0.30000001192092896
        ],
        "FloorNumber : 8 : Translate": [
            75.0,
            -0.30000001192092896,
            -2.0
        ],
        "FloorNumber : 9 : Rotate": [
            4.371138473402425e-08,
            -4.371139183945161e-08,
            4.371138473402425e-08,
            -1.0
        ],
        "FloorNumber : 9 : Scale": [
            0.10000000149011612,
            3.0,
            0.30000001192092896
        ],
        "FloorNumber : 9 : Translate": [
            75.0,
            -2.0999999046325684,
            -5.599999904632568
        ],
        "NormalEnemyConfirmation": 2,
        "NormalEnemyNumber : 0 : Rotate": [
            4.371138473402425e-08,
            -4.371139183945161e-08,
            4.371138473402425e-08,
            -1.0
        ],
        "NormalEnemyNumber : 0 : Scale": [
            1.0,
            1.0,
            1.0
        ],
        "NormalEnemyNumber : 0 : Translate": [
            27.296594619750977,
            2.4000000953674316,
            -0.5359176993370056
        ],
        "NormalEnemyNumber : 1 : Rotate": [
            0.0,
            0.6652342677116394,
            0.0,
            0.7466346621513367
        ],
        "NormalEnemyNumber : 1 : Scale": [
            1.0,
            1.0,
            1.0
        ],
        "NormalEnemyNumber : 1 : Translate": [
            113.6540756225586,
            2.5999999046325684,
            -1.9172745943069458
        ],
        "NormalLightEnemyConfirmation": 2,
        "NormalLightEnemyNumber : 0 : Rotate": [
            4.371138473402425e-08,
            -4.371139183945161e-08,
            4.371138473402425e-08,
            -1.0
        ],
        "NormalLightEnemyNumber : 0 : Scale": [
            1.0,
            1.0,
            1.0
        ],
        "NormalLightEnemyNumber : 0 : Translate": [
            97.92559814453125,
            1.7000000476837158,
            -3.804039716720581
        ],
        "NormalLightEnemyNumber : 1 : Rotate": [
            4.371138473402425e-08,
            -4.371139183945161e-08,
            4.371138473402425e-08,
            -1.0
        ],
        "NormalLightEnemyNumber : 1 : Scale": [
            1.0,
            1.0,
            1.0
        ],
        "NormalLightEnemyNumber : 1 : Translate": [
            107.16484832763672,
            9.800000190734863,
            -1.5326296091079712
        ],
        "Player : Rotate": [
            0.0,
            0.7018315196037292,
            0.0,
            0.7123212218284607
        ],
        "Player : Scale": [
            1.0,
            1.0,
            1.0
        ],
        "Player : Translate": [
            94.9044189453125,
            0.7840255498886108,
            -4.086483478546143
        ],
        "StandLightEnemyConfirmation": 0,
        "ThornEnemyConfirmation": 0,
        "TruckConfirmation": 0,
        "WallConfirmation": 6,
        "WallLightConfirmation": 2,
        "WallLightNumber : 0 : Rotate": [
            4.371138473402425e-08,
            -4.371139183945161e-08,
            4.371138473402425e-08,
            -1.0
        ],
        "WallLightNumber : 0 : Scale": [
            1.0,
            1.0,
            1.0
        ],
        "WallLightNumber : 0 : Translate": [
            -8.0,
            7.0,
            3.0
        ],